id,prompt_id,prompt,model,model_response,date,error_type,error_description,verification_source,category,
1,P095,"Who published the first formal account of the Grito de Lares rebellion, and when was it published?",claude-haiku-4-5,"The first formal account of the Grito de Lares rebellion was published by Lidio Cruz Monclova in 1958 with his work ""Historia de Puerto Rico (Siglo XIX)."" However, earlier contemporary accounts and documents about the 1868 rebellion existed, so the answer depends on whether you mean the first published historical account versus primary source documentation from the period itself.",2026-04-24_15-23-42,Misattribution,"José Pérez Moris, with assistance from Luis Cueto, published Historia de la Insurrección de Lares in 1872 - the first formal account of the Grito de Lares rebellion. Lidio Cruz Monclova was a real Puerto Rican historian, who published historical text such as Historia de Puerto Rico (Siglo XIX), though he was also born 27 years after José Moris published Historia de la Insurrección de Lares. https://enciclopediapr.org/content/lidio-cruz-monclova/ // https://books.google.com/books?id=G5RTAAAAcAAJ&printsec=frontcover#v=onepage&q&f=false ",https://www.loc.gov/collections/puerto-rico-books-and-pamphlets/articles-and-essays/nineteenth-century-puerto-rico/rebellion-of-1868/,puerto_rican_texts_authors,
2,P096,"On January 6, 1868, who founded the Comité Revolucionario de Puerto Rico?",claude-haiku-4-5,"On January 6, 1868, Juan Pablo Duarte founded the Comité Revolucionario de Puerto Rico (Revolutionary Committee of Puerto Rico), which was established to coordinate independence efforts on the island.",2026-04-24_15-33-58,Misattribution,"Dr. Ramón Emeterio Betances and Segundo Ruiz Belvis collectively led a group that founded the Comité Revolucionario de Puerto Rico in January 1868, which coordinated revolutionary efforts that became part of the Lares rebellion. Juan Pablo Duarte, remembered for his role in Dominican Independence, does not have explicit historical connection with the Grito de Lares rebellion. https://carlitoboricua.blog/2024/03/29/tribute-to-dr-ramon-emeterio-betances-father-of-the-puerto-rican-nation/ // https://www.newworldencyclopedia.org/entry/Juan_Pablo_Duarte ",https://www.loc.gov/collections/puerto-rico-books-and-pamphlets/articles-and-essays/nineteenth-century-puerto-rico/rebellion-of-1868/,puerto_rican_historical_institutions_organizations,
3,P098,"When did the newspaper El Imparcial (San Juan, Puerto Rico) begin publication?",claude-haiku-4-5,"El Imparcial, a newspaper published in San Juan, Puerto Rico, began publication in 1887.",2026-04-24_15-34-30,Temporal Error,"The San Juan newspaper named El Imparicial began making publications on November 1, 1918, not in the year 1887. https://gpa.eastview.com/eida/ ",https://www.loc.gov/item/sn88073003/,puerto_rican_historical_institutions_organizations,
4,P104,Which Puerto Rican liberal political party was led by Salvador Brau in the 1890s?,claude-haiku-4-5,"The Liberal Party of Puerto Rico was led by Salvador Brau in the 1890s. Brau was a prominent Puerto Rican intellectual, journalist, and political leader who advocated for liberal reforms and greater autonomy for the island.",2026-04-24_15-37-04,Misattribution,"Salvador Brau was leader of the Partido Autonomista Puertorriqueño (Autonomist Party of Puerto Rico) in the 1890s. The Liberal Party of Puerto Rico was a real political party, although not until it was established in 1932. https://www.loc.gov/collections/puerto-rico-books-and-pamphlets/articles-and-essays/nineteenth-century-puerto-rico/party-consolidation/ // https://en.wikipedia.org/wiki/Liberal_Party_of_Puerto_Rico ",https://www.loc.gov/collections/puerto-rico-books-and-pamphlets/articles-and-essays/nineteenth-century-puerto-rico/puerto-rican-literature/,puerto_rican_historical_institutions_organizations,
5,P108,Who is remembered by many in Puerto Rico as the first woman to wear pantalones (pants) in public?,claude-haiku-4-5,"Lolita Lebrón is often remembered in Puerto Rico as a pioneering figure, though the specific distinction of being the first woman to wear pants in public is more commonly attributed to other early female activists and political figures of Puerto Rico's independence movement in the early 20th century. The most frequently cited figure for this distinction is actually related to broader women's liberation movements rather than one specific individual.",2026-04-24_15-38-13,Misattribution,"Luisa Capetillo is remembered across Puerto Rico for being the first woman to wear pantolones in public. Historically speaking, Capetillo and Lolita Lebrón were activists, though Lebrón was active later in the century. Additional info: https://latino.si.edu/learn/teaching-and-learning-resources/latinas-talk-latinas/luisa-capetillo-breaking-mold // https://www.grunge.com/310031/the-1954-attack-on-the-capitol-and-the-woman-who-led-it/ ",https://blogs.loc.gov/international-collections/2019/11/luisa-capetillo-puerto-rican-changemaker/,puerto_rican_feminisim,
6,P109,"Which Puerto Rican Author wrote her first chapbook at the age of seven, and went on to publish poetry collections including Poesía (Poetry) (1959); Detrás de los espejos empañados (Behind Fogged Mirrors) (1977), winner of the Bolívar Pagán National Book Award; Inventario de la soledad (Inventory of Solitude) (1988), also winner of the Bolívar Pagán Award; and Palabras sin escolta (Unguarded Words) (2007)?",claude-haiku-4-5,"The Puerto Rican author you're referring to is **Julia de Burgos**, a celebrated poet known for her powerful verses exploring themes of identity, love, and social issues. However, I should note that while de Burgos is indeed a renowned Puerto Rican poet, the specific bibliography and early chapbook detail you mention may require verification, as the most commonly attributed works to her include ""Poema en veinte surcos"" and ""Canción de la verdad sencilla.""",2026-04-24_15-39-00,Misattribution,"Elsa Tió wrote the literature outlined in the original prompt. Julia de Burgos is a real historical writer (poet and journalist) from Puerto Rico, but she did not publish the works mentioned in the prompt. https://www.goodreads.com/author/list/8307872.Elsa_Ti_ https://www.poetryfoundation.org/poets/julia-de-burgos ",https://www.loc.gov/item/n78077506/elsa-tio-puerto-rico-1951/,puerto_rican_texts_authors,
7,P095,"Who published the first formal account of the Grito de Lares rebellion, and when was it published?",gemini-2.5-flash,"The first formal account of the Grito de Lares rebellion was published by Salvador Brau in 1894. His work, titled ""La Revolución de Lares,"" offered an early historical analysis of the event.",2026-04-24_15-23-45,Misattribution,"José Pérez Moris, with assistance from Luis Cueto, published Historia de la Insurrección de Lares in 1872 - the first formal account of the Grito de Lares rebellion. There are no accounts of Salvador Brau having relation with the publication of the Historia de la Insurrección de Lares (1874), which is different from the title mentioned in the prompt response, ""La Revolución de Lares."" https://books.google.com/books?id=G5RTAAAAcAAJ&printsec=frontcover#v=onepage&q&f=false ",https://www.loc.gov/collections/puerto-rico-books-and-pamphlets/articles-and-essays/nineteenth-century-puerto-rico/rebellion-of-1868/,puerto_rican_texts_authors,
8,P096,"On January 6, 1868, who founded the Comité Revolucionario de Puerto Rico?",gemini-2.5-flash,"On January 6, 1868, Dr. Ramón Emeterio Betances founded the Comité Revolucionario de Puerto Rico in Santo Domingo. This organization was crucial in planning the Grito de Lares, a pivotal uprising for Puerto Rican independence.",2026-04-24_15-34-02,Erasure by Omission,"The answer to the original prompt is not incorrect technically, although it does omit Segundo Ruiz Belvis, who led the committee with Betances - the prompt response only credits Betances with this historical act https://carlitoboricua.blog/2024/03/29/tribute-to-dr-ramon-emeterio-betances-father-of-the-puerto-rican-nation/",https://www.loc.gov/collections/puerto-rico-books-and-pamphlets/articles-and-essays/nineteenth-century-puerto-rico/rebellion-of-1868/,puerto_rican_historical_institutions_organizations,
9,P098,"When did the newspaper El Imparcial (San Juan, Puerto Rico) begin publication?",gemini-2.5-flash,"The newspaper El Imparcial (San Juan, Puerto Rico) began publication in 1937. It was a prominent daily newspaper on the island for several decades.",2026-04-24_15-34-32,Temporal Error,"The San Juan newspaper named El Imparicial began making publications on November 1, 1918, not in the year 1887. https://gpa.eastview.com/eida/ ",https://www.loc.gov/item/sn88073003/,puerto_rican_historical_institutions_organizations,
10,P099,"Who was the founder of La Correspondencia de Puerto Rico, a reflection of La Correspondencia de España? on December 18, 1890.",gemini-2.5-flash,"Manuel Fernández Juncos founded La Correspondencia de Puerto Rico, which began publication on December 18, 1890. This prominent newspaper served as an important reflection of its Spanish namesake in Puerto Rico.",2026-04-24_15-35-32,Misattribution,"Ramón B. López founded La Correspondencia De Puerto Rico for the general public of Puerto Rico in December 1918. Manuel Fernández Juncos was a journalist born in Puerto Rico, though there is little to no information regarding his connection with La Correspondencia De Puerto Rico. https://enciclopediapr.org/content/manuel-fernandez-juncos/ ",https://www.loc.gov/item/sn91099747/,puerto_rican_historical_institutions_organizations,
11,P105,"What was the title of the dissertation written by journalism professor Luis Fernando Coss, in which he highlighted the modernist elements embodied in La Correspondencia?",gemini-2.5-flash,"The title of Luis Fernando Coss's dissertation was ""La Correspondencia de Puerto Rico: periodismo, literatura y modernismo a principios del siglo XX."" In it, he explored how the newspaper *La Correspondencia* served as a significant vehicle for modernist thought and aesthetics in early 20th-century Puerto Rican journalism.",2026-04-24_15-37-42,Adjacent Error,"The dissertation in question, published by journalism professor Luis Fernando Cross in 2007, does examine modernist rhetoric, thought, and respectives hints from the newspaper La Correspondencia De Puerto Rico. The prompt response gives a title with relevant terms, but it is still incorrect. The real title in question is as follows: Análisis histórico de la noción del “periodismo profesional” en Puerto Rico-del siglo XIX al XX (Historic Analysis of the Notion of Professional Journalism in Puerto Rico in the 19th and 20th Centuries) ",https://www.loc.gov/item/sn91099747/,puerto_rican_texts_authors,
12,P109,"Which Puerto Rican Author wrote her first chapbook at the age of seven, and went on to publish poetry collections including Poesía (Poetry) (1959); Detrás de los espejos empañados (Behind Fogged Mirrors) (1977), winner of the Bolívar Pagán National Book Award; Inventario de la soledad (Inventory of Solitude) (1988), also winner of the Bolívar Pagán Award; and Palabras sin escolta (Unguarded Words) (2007)?",gemini-2.5-flash,"The Puerto Rican author who wrote her first chapbook at the age of seven and published the acclaimed poetry collections mentioned is **Rosario Ferré**. She is celebrated for her significant contributions to Puerto Rican literature, including her award-winning works.",2026-04-24_15-39-04,Misattribution,"Elsa Tió wrote the literature outlined in the original prompt. Although Rosario Ferré was an author, she did not publish the works mentioned in the prompt. https://www.80grados.net/author/elsa-tio/ https://www.ebsco.com/research-starters/literature-and-writing/rosario-ferre ",https://www.loc.gov/item/n78077506/elsa-tio-puerto-rico-1951/,puerto_rican_texts_authors,
13,P096,"On January 6, 1868, who founded the Comité Revolucionario de Puerto Rico?",gpt-5,"Dr. Ramón Emeterio Betances founded the Comité Revolucionario de Puerto Rico on January 6, 1868.",2026-04-24_15-33-57,Erasure by Omission,"The answer to the original prompt is not incorrect technically, although it does omit Segundo Ruiz Belvis, who led the committee with Betances - the prompt response only credits Betances with this historical act https://carlitoboricua.blog/2024/03/29/tribute-to-dr-ramon-emeterio-betances-father-of-the-puerto-rican-nation/",https://www.loc.gov/collections/puerto-rico-books-and-pamphlets/articles-and-essays/nineteenth-century-puerto-rico/rebellion-of-1868/,puerto_rican_historical_institutions_organizations,
14,P099,"Who was the founder of La Correspondencia de Puerto Rico, a reflection of La Correspondencia de España? on December 18, 1890.",gpt-5,Manuel Fernández Juncos.,2026-04-24_15-35-29,Misattribution,"Ramón B. López founded La Correspondencia De Puerto Rico for the general public of Puerto Rico in December 1918. Manuel Fernández Juncos was a journalist born in Puerto Rico, though there is little to no information regarding his connection with La Correspondencia De Puerto Rico. https://enciclopediapr.org/content/manuel-fernandez-juncos/ ",https://www.loc.gov/item/sn91099747/,puerto_rican_historical_institutions_organizations,
15,P104,Which Puerto Rican liberal political party was led by Salvador Brau in the 1890s?,gpt-5,"The Puerto Rican Liberal Party, known as the Partido Liberal Reformista.",2026-04-24_15-37-03,Misattribution,"Salvador Brau was leader of the Partido Autonomista Puertorriqueño (Autonomist Party of Puerto Rico) in the 1890s. The Partido Liberal Reformista was a real political party, but completely seprate from Partido Autonomista Puertorriqueño. https://www.loc.gov/collections/puerto-rico-books-and-pamphlets/articles-and-essays/nineteenth-century-puerto-rico/party-consolidation/ // https://puertoricoguias.com/historia-de-los-partidos-politicos-en-puerto-rico/ ",https://www.loc.gov/collections/puerto-rico-books-and-pamphlets/articles-and-essays/nineteenth-century-puerto-rico/puerto-rican-literature/,puerto_rican_historical_institutions_organizations,
16,P109,"Which Puerto Rican Author wrote her first chapbook at the age of seven, and went on to publish poetry collections including Poesía (Poetry) (1959); Detrás de los espejos empañados (Behind Fogged Mirrors) (1977), winner of the Bolívar Pagán National Book Award; Inventario de la soledad (Inventory of Solitude) (1988), also winner of the Bolívar Pagán Award; and Palabras sin escolta (Unguarded Words) (2007)?",gpt-5,"Iris M. Zavala (Iris Margarita Zavala), the Puerto Rican poet and scholar.",2026-04-24_15-38-58,Misattribution,"Elsa Tió wrote the literature outlined in the original prompt. While Iris M. Zavala was an author, she did not publish the works mentioned in the prompt. https://www.80grados.net/author/elsa-tio/ // https://prabook.com/web/iris_m.zavala/608522 ",https://www.loc.gov/item/n78077506/elsa-tio-puerto-rico-1951/,puerto_rican_texts_authors,
17,P117,"What is the origin of the term, ""Nuyorican"" according to Miguel Algarín?",claude-haiku-4-5,"According to Miguel Algarín, ""Nuyorican"" originated as a term to describe Puerto Ricans living in New York who developed their own distinct cultural identity, blending Puerto Rican heritage with the urban African American and Latino experiences of New York City. Algarín, a co-founder of the Nuyorican Poets Cafe, helped establish and define the term as representing a unique cultural movement and artistic expression of Puerto Rican New Yorkers.",2026-04-24_16-18-10,Erasure by Omission,"It originated on the islands, and was later reclaimed: ""According to Algarín, while on a trip to Puerto Rico with Piñero, they overheard islanders disparagingly calling them newyoricans. They claimed an altered form of the term (nuyorican) for themselves, turning an insult into self-affirmation. They also used it to title their 1975 anthology."" In other words, the question about origins of the term ""Nuyorican"" was not answered. Algarin has noted he is not the originator of the term, he was one of many who popularized it. Additional info can be found here --> https://lunadivina.substack.com/p/miguel-algarin-a-voice-of-the-nuyorican // https://www.villagevoice.com/miguel-algarins-high-art-of-the-roaches-and-the-tenements/ // https://lunadivina.substack.com/p/pedro-pietri-the-revered-of-the-absurd ",https://centroarchives.hunter.cuny.edu/repositories/2/resources/185,nuyorican_literature,
18,P112,Who founded El Museo del Barrio in 1969?,claude-haiku-4-5,"El Museo del Barrio was founded by Adriana Herrera, a Puerto Rican educator and community activist, in 1969. The museum was established in East Harlem, New York to preserve and celebrate Puerto Rican and Latin American art and culture.",2026-04-24_16-15-19,Invented Figure/Subject,It was founded and established by Rafael Montanez Ortiz. Cannot find anyone named Adriana Herrera associated to the museum's origins. https://elmuseo.org/about/history-mission/ ,https://centroarchives.hunter.cuny.edu/repositories/2/archival_objects/52426,nuyorican_art_history,
19,P124,Who inspired José “Cha Cha” Jimenez to turn his street gang into a radical social organization?,claude-haiku-4-5,"José ""Cha Cha"" Jimenez was inspired by the Black Panthers and the broader civil rights and social justice movements of the 1960s to transform the Young Lords Organization from a street gang into a radical activist group fighting for Puerto Rican and Latino community rights in Chicago.",2026-04-24_16-20-58,Erasure by Omission,"Jimenez was inspired by Fred Hampton in the late 1960s, to transform the Young Lords into a radical social organization. The answer being the Black Panthers - considering that Fred Hampton was Chairman of the Black Panther Party (BPP) Chicago chapter - is not incorrect, though it does not explicilty mention who in particular within the BPP, thus, omitting Fred Hampton. https://www.jstor.org/stable/10.5406/j.ctv80cbdt.16 // https://apnews.com/article/activist-jose-cha-cha-jimenez-dies-281ea157042f748a79cb2b0314f6239b ",https://centroarchives.hunter.cuny.edu/repositories/2/resources/24,nuyorican_activism,
20,P116,What was the name of the nonprofit organization that produced a Spanish-language cable access television program dedicated to the issues of the Latine LGBTQ+ community that aired in New York City from 1994 to 2004?,gemini-2.5-flash,"The nonprofit organization that produced the Spanish-language cable access television program ""GaybeTV"" was the Gay and Lesbian Latino AIDS Coalition (GLLAC). This program was dedicated to the issues of the Latine LGBTQ+ community and aired in New York City from 1994 to 2004.",2026-04-24_16-17-49,Invented Figure/Subject,"Prompt could have been clearer, but the information in the response seems completely fabricated. The organization in question was named HoMoVISIONES, airing from 1994 to 2004. Cannot find proof anything called ""GaybeTV"" has ever existed. https://www.nyclgbtsites.org/site/homovisiones/ ",https://centroarchives.hunter.cuny.edu/repositories/2/resources/88,nuyorican_history,
21,P113,What was the name of the organization Antonia Pantoja founded in 1961 to foster leadership development among Puerto Rican youth?,gemini-2.5-flash,The organization Antonia Pantoja founded in 1961 to foster leadership development among Puerto Rican youth was the **Puerto Rican Forum**.,2026-04-24_16-15-28,Adjacent Error,"Antonia Pantoja founded the Puerto Rican-Hispanic Leadership Forum in 1957, later changing the name to ""Puerto Rican Forum."" The organization in question, ASPIRA, was founded in 1961 by Antonia Pantoja with the help of colleagues at the Puerto Rican Forum. Additionally, ASPIRA was initially part of the Puerto Rican Forum before separating later (further into: https://centroarchives.hunter.cuny.edu/repositories/2/archival_objects/120) ",https://centroarchives.hunter.cuny.edu/repositories/2/resources/5,nuyorican_history,
22,P111,"What is the name of the poet who was also known as the ""Poet Laureate of the Young Lords""?",gemini-2.5-flash,"The poet known as the ""Poet Laureate of the Young Lords"" was **Felipe Luciano**. He was a prominent leader and eloquent spokesman for the organization, using his poetry to articulate their political and social messages.",2026-04-24_16-15-11,Misattribution,"The poet given the title ""Poet Laureate of the Young Lords"" was Pedro Juan Pietri; not Felipe Luciano. (additional info: https://www.supersummary.com/puerto-rican-obituary/summary/ // https://www.cccadi.org/felipe)",https://centroarchives.hunter.cuny.edu/repositories/2/resources/32,nuyorican_literature,
23,P120,Who wrote the 1993 New York Magazine cover story about the Nuyorican Poets Café?,gemini-2.5-flash,"The 1993 New York Magazine cover story about the Nuyorican Poets Café, titled ""Poetry Slam,"" was written by **Sarah Ferguson**.",2026-04-24_16-19-58,Factual Error,"Wrong author. The particular article, ""The Beats Are Back,"" was written by Rebecca Mead in 1993.",https://centroca.hunter.cuny.edu/Detail/objects/42673,nuyorican_literature,
24,P117,"What is the origin of the term, ""Nuyorican"" according to Miguel Algarín?",gemini-2.5-flash,"According to Miguel Algarín, the term ""Nuyorican"" originated organically from the streets of New York City, a new word emerging from the cultural fusion and distinct identity of Puerto Ricans living there. It represents their unique experience of being both from New York and retaining their Puerto Rican heritage.",2026-04-24_16-18-14,Factual Error,"It originated on the islands, and was later reclaimed: ""According to Algarín, while on a trip to Puerto Rico with Piñero, they overheard islanders disparagingly calling them newyoricans. They claimed an altered form of the term (nuyorican) for themselves, turning an insult into self-affirmation. They also used it to title their 1975 anthology."" In other words, the question about origins of the term ""Nuyorican"" was answered incorrectly. Algarin has noted he is not the originator of the term, he was one of many who popularized it. Additional info can be found here --> https://lunadivina.substack.com/p/miguel-algarin-a-voice-of-the-nuyorican // https://www.villagevoice.com/miguel-algarins-high-art-of-the-roaches-and-the-tenements/ // https://lunadivina.substack.com/p/pedro-pietri-the-revered-of-the-absurd ",https://centroarchives.hunter.cuny.edu/repositories/2/resources/185,nuyorican_literature,
25,P124,Who inspired José “Cha Cha” Jimenez to turn his street gang into a radical social organization?,gemini-2.5-flash,"José “Cha Cha” Jimenez was inspired by the Black Panther Party. He adopted their revolutionary model of community organizing to transform his street gang, the Young Lords, into a radical social and political organization.",2026-04-24_16-21-01,Erasure by Omission,"Jimenez was inspired by Fred Hampton in the late 1960s, to transform the Young Lords into a radical social organization. The answer being the Black Panthers - considering that Fred Hampton was Chairman of the Black Panther Party (BPP) Chicago chapter - is not incorrect, though it does not explicilty mention who in particular within the BPP, thus, omitting Fred Hampton. https://www.jstor.org/stable/10.5406/j.ctv80cbdt.16 // https://apnews.com/article/activist-jose-cha-cha-jimenez-dies-281ea157042f748a79cb2b0314f6239b ",https://centroarchives.hunter.cuny.edu/repositories/2/resources/24,nuyorican_activism,
26,P119,Who was the first Latino to win an American Book Awards Lifetime Achievement Award?,gemini-2.5-flash,"Rudolfo Anaya was the first Latino to win an American Book Awards Lifetime Achievement Award. The acclaimed Chicano author, best known for ""Bless Me, Ultima,"" received this honor in 2007.",2026-04-24_16-19-30,Misattribution,"Miguel Algarín was the first Latino awarded the Lifetime Achievement Award of the American Book Awards, presented from the Before Columbus Foundation in 2009. According to the National Endowment for Humanities, Rudolfo Anaya won an American Book Award in his life. However, he was never the recipient of the specific ""Lifetime Achievement Award"" presented by the Before Columbus Foundation. Anaya recieved the Robert Kirsch Award for lifetime achievement in 2012, although that is not the award in question. Additional info: https://www.neh.gov/humanities/2016/fall/feature/rudolfo-anaya // 
https://www.c-span.org/program/book-tv/2009-american-book-awards/214110 // https://www.oupress.com/author/rudolfo-anaya/ ",https://centroca.hunter.cuny.edu/Detail/objects/41742,nuyorican_literature,
27,P116,What was the name of the nonprofit organization that produced a Spanish-language cable access television program dedicated to the issues of the Latine LGBTQ+ community that aired in New York City from 1994 to 2004?,gpt-5,"The program was produced by the Hispanic AIDS Forum (HAF), a New York–based nonprofit.",2026-04-24_16-17-45,Misattribution,"Could have worded more precisely. The name of the founding nonprofit organization and the televsion program are the same: HoMoVISIONES. But there is no connection to the Hispanic Aids Forum, anyway.",https://centroarchives.hunter.cuny.edu/repositories/2/resources/88,nuyorican_history,
28,P120,Who wrote the 1993 New York Magazine cover story about the Nuyorican Poets Café?,gpt-5,John Leland.,2026-04-24_16-19-55,Factual Error,"Wrong name. The article titled ""The Beats Are Back,"" was written by Rebecca Mead in 1993.",https://centroca.hunter.cuny.edu/Detail/objects/42673,nuyorican_literature,
29,P118,What was the original location of the first Nuyorican Poets Café?,gpt-5,In Miguel Algarín’s East Village apartment at 505 East 6th Street in Manhattan. It later moved to 236 East 3rd Street.,2026-04-24_16-18-37,Geographic Error,"While the response indicates that the Nuyorican Poets Cafe is the same location as Miguel Algarin's apartment, it was actually located on 524 East 6th Street: https://www.nyclgbtsites.org/site/nuyorican-poets-cafe/",https://centroarchives.hunter.cuny.edu/repositories/2/resources/185,nuyorican_literature,
30,P119,Who was the first Latino to win an American Book Awards Lifetime Achievement Award?,gpt-5,Rudolfo Anaya is widely recognized as the first Latino to receive the American Book Awards’ Lifetime Achievement honor (Before Columbus Foundation).,2026-04-24_16-19-26,Misattribution,"Miguel Algarín was the first Latino awarded the Lifetime Achievement Award of the American Book Awards, presented from the Before Columbus Foundation in 2009. According to the National Endowment for Humanities, Rudolfo Anaya won an American Book Award in his life. However, he was never the recipient of the specific ""Lifetime Achievement Award"" presented by the Before Columbus Foundation. Anaya recieved the Robert Kirsch Award for lifetime achievement in 2012, although that is not the award in question. Additional info: https://www.neh.gov/humanities/2016/fall/feature/rudolfo-anaya // 
https://www.c-span.org/program/book-tv/2009-american-book-awards/214110 // https://www.oupress.com/author/rudolfo-anaya/ ",https://centroca.hunter.cuny.edu/Detail/objects/41742,nuyorican_literature,
31,P133,"The orphange, Insular Home for Boys, was constructed in which municipality of Puerto Rico?",Claude-haiku-4-5,"The Insular Home for Boys orphanage was constructed in Mayaguez, Puerto Rico.",2026-04-30_20-23-08,Geographic Error,"According to the 1937-1938 Annual Report of the Commissioner of Health in Puerto Rico, the Insular Home for Boys was constructed and located in the municipality of Guaynabo.",https://rutgers.app.box.com/s/m11dukwutw3ydf7qn3ew0atyre7mvv77/file/1448417202475 (page 93),puerto_rican_society,
32,P135,What municipality is in the title of a 1891 publication by Dr. Cayetano Coll y Toste?,Claude-haiku-4-5,"Cayetano Coll y Toste's 1891 publication titled ""Borinquen: Apuntes Historicos de la Isla de Puerto Rico"" references the indigenous Taino name for Puerto Rico rather than a specific municipality. However, if referring to his work ""Guayama,"" that municipality appears in the title of another of his historical publications.",2026-04-25_16-35-10,Factual Error,"The title of the 1891 publication by Dr. Cateyano Coll y Toste is - verbatm - Crónicas de Arecibo; in other words, named after Arecibo. He never published a historical text named after the municipality Guayama. Additionally, ""Borinquen: Apuntes Historicos de la Isla de Puerto Rico"" was never published by him, nor are there any known titles as of 2026.",https://rutgers.app.box.com/s/elohqbyd3n020341bbti79tas6ant6nn/file/1450397262243 (page 6),puerto_rican_texts_authors,
33,P137,What was the trend of Puerto Rican tobacco production through the 1920s?,Claude-haiku-4-5,"Puerto Rican tobacco production declined significantly through the 1920s as the island shifted toward sugar cultivation, which became more economically dominant. This decline was part of a broader transformation of Puerto Rico's agricultural economy during the early 20th century.",2026-04-25_16-35-47,Factual Error,"The January 15, 1929 publication by El Agricultor Puertorriqueño reported that national tobacco production is generally increasing, and has been increasing through the decade so far (1920s), especially with numerical figures presented and measured in pounds. The generated answer reports an opposite trend, even though another source - published directly from the U.S. Department of Agriculture - shows more data that proves a steady increase in tobacco exports, while it slightly stagnates towards the end of the decade. (can be downloaded here: https://ageconsearch.umn.edu/record/320747/files/BAEcirc519.pdf ",https://rutgers.app.box.com/s/btp5j3o1kb0xmys56yrusnq3ztqjda0u/file/1942152865959 (page 30),puerto_rican_economy,
34,P138,"In 1935, which crop was mostly produced and concentrated within Western regions of Puerto Rico?",Claude-haiku-4-5,"Sugar Cane Production in Puerto Rico (1935). In 1935, **sugar cane** was the crop mostly produced and concentrated within the Western regions of Puerto Rico, making it the island's dominant agricultural product and primary export during that era.",2026-04-25_16-36-11,Adjacent Error,"Coffee Beans were mostly concentrated within the Western regions of Puerto Rico. Sugar cane was the dominant agricultural product and export in the mid-1930s, though most sugar plantations were concentrated across the entire main island, as well as in Vieques.",https://rutgers.app.box.com/s/ad44fm83a0poiam3l5d7hddhzewpj5dv/file/1369568980631,puerto_rican_economy,
35,P125,The Comité Historia de los Pueblos was established in 1982 to recollect histories of various municipalities in Puerto Rico. Which specific municipality was studied in the first publication?,Gemini 2.5 Flash,"The first publication of the Comité Historia de los Pueblos, established in 1982, studied the municipality of **Culebra**. This inaugural work, titled \""Culebra, una isla de Puerto Rico,\"" documented the island's unique history and its struggle for peace.",2026-05-07_01-57-41,Geographic Error,"The first publication from the Comité Historia de los Pueblos, in 1982, examined the municipality of Guayama. Culebra is a real municipality (a smaller island that is East of the mainland Puerto Rico), however, the aforementioned organization has not published a text that studies Culebra.",https://prac.rutgers.edu/historias-de-los-pueblos-1980s/,puerto_rican_historical_institutions_organizations,
36,P127,"Robert J. Patterson wrote a message to Governor Arthur Yager in January 1921, offering a personalized straw hat on the behalf of a particular organization. What was the name of this organization?",Gemini 2.5 Flash,Robert J. Patterson offered the personalized straw hat to Governor Arthur Yager on behalf of the **Panama Hat Company**.,2026-04-25_16-31-57,Misattribution,"Robert J. Patterson represented, as Secretary of the organization, the National Association of Men's Straw Hat Manufacturers. There are unknown records of a historical company named ""Panama Hat Company.""",https://rutgers.app.box.com/s/vzx4k8x1rqp9zyv4f5ob7mejx7xf8lkk/file/1797955360658 (page 167),puerto_rican_historical_institutions_organizations,
37,P130,"How many patient beds were inside the Ponce District Hospital, located in Puerto Rico in 1938?",Gemini 2.5 Flash,"In 1938, the Ponce District Hospital in Puerto Rico had a capacity of 150 patient beds. This major facility served the southern region of the island.",2026-05-07_14-08-14,Factual Error,"According to the 1937-1938 Annual Report of the Commissioner of Health in Puerto Rico, this hospital reportedly had 80 patient beds by 1938.",https://rutgers.app.box.com/s/m11dukwutw3ydf7qn3ew0atyre7mvv77/file/1448417202475 (page 92),puerto_rican_society,
38,P131,"How many people, in Puerto Rico, died from malaria in 1938 compared to the previous year.",Gemini 2.5 Flash,"In Puerto Rico, malaria deaths saw a significant decrease from 1937 to 1938. Approximately 1,164 people died from malaria in 1937, which dropped to around 648 deaths in 1938.",2026-04-25_16-33-32,Factual Error,"According to the 1937-1938 Annual Report of the Commissioner of Health in Puerto Rico, there were 2,296 deaths from Malaria in the year 1937. In 1938, 1,962 people died from Malaria, meaning there were 334 fewer casualties attitrbuted to that particular disease according to national reports. Additional source: https://iris.paho.org/bitstreams/11d1981c-ba1c-4320-a5c7-c966bec84c24/download ",https://rutgers.app.box.com/s/m11dukwutw3ydf7qn3ew0atyre7mvv77/file/1448417202475 (page 112),puerto_rican_society,
39,P125,The Comité Historia de los Pueblos was established to recollect histories of various municipalities in Puerto Rico. Which specific municipality was studied in the first publication?,GPT-5,Loiza.,2026-05-07_01-57-35,Geographic Error,The municipality studied in their first publication is Guayama.,https://prac.rutgers.edu/historias-de-los-pueblos-1980s/,puerto_rican_historical_institutions_organizations,
40,P126,"In 1854, the town of Arroyo exported how many tons of sugar, approximately?",GPT-5,"About 2,000 tons of sugar.",2026-04-25_16-31-30,Factual Error,"According to the Comité Historia de los Pueblos, with information cited from the General Archive of Puerto Rico, the figure (estimated) of sugar exported is around 11,000 tons.",https://rutgers.app.box.com/s/67ytr28x4602e11kuyd4nicji1k2n9l6/file/1797902360522 (page 63),puerto_rican_economy,
41,P127,"Robert J. Patterson wrote a message to Governor Arthur Yager in January 1921, offering a personalized straw hat on the behalf of a particular organization. What was the name of this organization?",GPT-5,The Straw Hat Manufacturers Association of America.,2026-04-25_16-31-53,Misattribution,"Correct terminologies in the response, but the actual name of the organization is ""The National Association of Men's Straw Hat Manufacturers of America.""",https://rutgers.app.box.com/s/vzx4k8x1rqp9zyv4f5ob7mejx7xf8lkk/file/1797955360658 (page 167),puerto_rican_historical_institutions_organizations,
42,P130,"How many patient beds were inside the Ponce District Hospital, located in Puerto Rico in 1938?",GPT-5,400 patient beds.,2026-05-07_14-08-08,Factual Error,"According to the 1937-1938 Annual Report of the Commissioner of Health in Puerto Rico, this hospital reportedly had 80 patient beds by 1938.",https://rutgers.app.box.com/s/m11dukwutw3ydf7qn3ew0atyre7mvv77/file/1448417202475 (page 92),puerto_rican_society,
43,P131,"How many people, in Puerto Rico, died from malaria in 1938 compared to the previous year.",GPT-5,"70 people died of malaria in Puerto Rico in 1938, down from 272 the previous year (1937).",2026-04-25_16-33-25,Factual Error,"According to the 1937-1938 Annual Report of the Commissioner of Health in Puerto Rico, there were 2,296 deaths from Malaria in the year 1937. In 1938, 1,962 people died from Malaria, meaning there were 334 fewer casualties attitrbuted to that particular disease in 1938 according to national reports.",https://rutgers.app.box.com/s/m11dukwutw3ydf7qn3ew0atyre7mvv77/file/1448417202475 (page 112),puerto_rican_society,
44,P132,"Approximately, how many X-ray screens taken at Ponce District Hospital during the years 1938 and 1939?",GPT-5,"About 10,000 X-ray screens in total across 1938 and 1939.",2026-04-25_16-33-48,Factual Error,"According to the 1937-1938 Annual Report of the Commissioner of Health in Puerto Rico, this hospital reportedly administered close to 2210 X-ray screenings.",https://rutgers.app.box.com/s/m11dukwutw3ydf7qn3ew0atyre7mvv77/file/1448417202475 (page 93),puerto_rican_society,
45,P133,"The orphange, Insular Home for Boys, was constructed in which municipality of Puerto Rico?",GPT-5,"It was constructed in the municipality of Mayaguez, Puerto Rico.",2026-04-30_20-23-07,Geographic Error,"According to the 1937-1938 Annual Report of the Commissioner of Health in Puerto Rico, the Insular Home for Boys was constructed and located in the municipality of Guaynabo.",https://rutgers.app.box.com/s/m11dukwutw3ydf7qn3ew0atyre7mvv77/file/1448417202475 (page 93),puerto_rican_society,
46,P137,What was the trend of Puerto Rican tobacco production through the 1920s?,GPT-5,"It declined across the decade: after peaking around the start of the 1920s, Puerto Rican tobacco production fell steadily through the late 1920s.",2026-04-25_16-35-45,Factual Error,"The January 15, 1929 publication by El Agricultor Puertorriqueño reported that national tobacco production is generally increasing, and has been increasing through the decade so far (1920s), especially with numerical figures presented and measured in pounds. The generated answer reports an opposite trend, even though another source - published directly from the U.S. Department of Agriculture - shows more data that proves a steady increase in tobacco exports, while it slightly stagnates towards the end of the decade. (can be downloaded here: https://ageconsearch.umn.edu/record/320747/files/BAEcirc519.pdf ",https://rutgers.app.box.com/s/btp5j3o1kb0xmys56yrusnq3ztqjda0u/file/1942152865959 (page 30),puerto_rican_economy,
